[
{"type":"header","version":"4.7.4","comment":"Export to JSON plugin for PHPMyAdmin"},
{"type":"database","name":"got"},
{"type":"table","name":"characters2","database":"got","data":
[
{"id":"1","dead":"","name":"Jon Snow","alias":"","portrait":"assets\/jon.png","picture":"assets\/pictures\/jon_snow.jpg","bio":"Jon is the bastard child of Ned Stark of Winterfell and a unkwnow woman. Soon after his marriage, Ned Stark leaved his home to go to fight on the war of the usurper, and returned home carrying a infant that was supposedly his own","organization":"nightwatch","house":""},
{"id":"2","dead":"true","name":"Ned Stark","alias":"","portrait":"assets\/ned.png","picture":"assets\/pictures\/ned_stark.jpg","bio":"Eddard 'Ned' Stark is the head of House Stark, Lord of Winterfell, and Warden of the North. He is a friend to King Robert Baratheon, whom he was raised with and helped to win the Iron Throne, and is eventually named his Hand. ","organization":"","house":"stark"},
{"id":"3","dead":"","name":"Arya Stark","alias":"","portrait":"assets\/arya.png","picture":"assets\/pictures\/arya_stark.jpg","bio":"Arya Stark is the third child and second daughter of Lord Eddard and Lady Catelyn Stark. She is nine at the start of A Game of Thrones.","organization":"","house":"stark"},
{"id":"4","dead":"","name":"Sansa Stark","alias":"","portrait":"assets\/sansa.png","picture":"assets\/pictures\/sansa_stark.jpg","bio":"Sansa Stark is the elder daughter of Catelyn and Eddard Stark. She is thirteen years old at the start of the series. ","organization":"","house":"stark"},
{"id":"5","dead":"","name":"Robb Stark","alias":"","portrait":"assets\/robb.png","picture":"assets\/pictures\/robb_stark.jpg","bio":"Robb Stark is the eldest son of Eddard Stark and Catelyn Tully and the heir to Winterfell and the North.","organization":"","house":"stark"},
{"id":"6","dead":"","name":"Bran Stark","alias":"","portrait":"assets\/bran.png","picture":"assets\/pictures\/bran_stark.jpg","bio":"Eddard and Catelyn's second son.  Bran was educated by Maester Luwin and trained with weapons; he seemed destined to be an excellent fighter.","organization":"","house":"stark"},
{"id":"7","dead":"","name":"Rickon Stark","alias":"","portrait":"assets\/rickon.png","picture":"assets\/pictures\/rickon_stark.jpg","bio":"Rickon Stark is Eddard and Catelyn's youngest child, only three years old when the series begins. Rickon is a naturally aggressive and strong-willed child, but his youth makes it difficult for him to cope with the terrible changes that come to his family and life. ","organization":"","house":"stark"},
{"id":"8","dead":"","name":"Catelyn Tully","alias":"","portrait":"assets\/catelyn.png","picture":"assets\/pictures\/catelyn_tully.jpg","bio":"Catelyn is the eldest daughter of Lady Minisa and Lord Hoster Tully, head of House Tully, Lord Paramount of the Riverlands. She was betrothed to Brandon Stark, heir of Winterfell, but he  was killed by the Mad King before they could marry, so their parents rearraged the wedding to make Ned Stark replace his defunct brother. She moved to Winterfell, where she and Eddard have formed a strong and loving marriage.","organization":"","house":"tully"},
{"id":"9","dead":"","name":"Theon Greyjoy","alias":"","portrait":"assets\/theon.png","picture":"assets\/pictures\/theon_greyjoy.jpg","bio":"Theon Greyjoy is the son and heir apparent of Lord Balon Greyjoy. When he was a child, his father rebelled against the king, and when he was defeated, Theon was taken as a hostage and ward to Eddard Stark, to assure his father loyalty.","organization":"","house":"greyjoy"},
{"id":"10","dead":"true","name":"Robert Baratheon","alias":"","portrait":"assets\/robert.png","picture":"assets\/pictures\/robert_baratheon.jpg","bio":"He was crowned King of the Seven Kingdoms after winning the War of the Usurper. He fought the war to keep the hand of Lyanna Stark, with the aid of her brother, his friend Eddard. Due to Lyanna's death, Robert married Cersei Lannister to ensure political stability.","organization":"","house":"baratheon"},
{"id":"11","dead":"","name":"Cersei Lannister","alias":"","portrait":"assets\/cersei.png","picture":"assets\/pictures\/cersei_lannister.jpg","bio":"Cersei Lannister is the eldest child of Tywin and Joanna Lannister by mere moments, and the twin sister of Jaime Lannister. After Robert's Rebellion she married the new king, Robert Baratheon, and became Queen of the Seven Kingdoms.","organization":"","house":"lannister"},
{"id":"12","dead":"","name":"Tywin Lannister","alias":"","portrait":"assets\/tywin.png","picture":"assets\/pictures\/tywin_lannister.jpg","bio":"Tywin Lannister is Lord of Casterly Rock, Shield of Lannisport and Warden of the West. Tywin is one of the most powerful lords in Westeros. He was the hand of the king of the mad king Aerys when Robert rebelled, and, when the war's vistory began to be clearly near the rebel side, he bethrayed the king, joined the rebellion, and occupy King's Landing with lannister troops.","organization":"","house":"lannister"},
{"id":"13","dead":"","name":"Jaime Lannister","alias":"","portrait":"assets\/jaime.png","picture":"assets\/pictures\/jaime_lannister.jpg","bio":"Known as the Kingslayer, is the second child and first-born son of Lord Tywin Lannister of Casterly Rock and his wife Lady Joanna, also of House Lannister. Raised at the age of fifteen to the Kingsguard of the Mad King Aerys II Targaryen, Jaime became the youngest member in the history of the prestigious knightly order.<br\/> He earned the derogatory nickname when he treasonously slew King Aerys near the end of Robert's Rebellion","organization":"royalguard","house":"lannister"},
{"id":"14","dead":"","name":"Tyrion Lannister","alias":"","portrait":"assets\/tyrion.png","picture":"assets\/pictures\/tyrion_lannister.jpg","bio":"He is the third and youngest child of Tywin and Joanna. Tyrion is a dwarf, because of this he is sometimes mockingly called The Imp and The Halfman. He is shrewd, educated, and calculating, but receives little respect for this from his father, because of his deformity, and the death of his mother during his birth.","organization":"","house":"lannister"},
{"id":"15","dead":"","name":"Joffrey Baratheon","alias":"","portrait":"assets\/joffrey.png","picture":"assets\/pictures\/joffrey_baratheon.jpg","bio":"Joffrey Baratheon is the eldest son and heir of King Robert Baratheon and Queen Cersei Lannister. He strong-willed as a child and has an uncontrollable temper not unlike his mother's and an unchecked sadistic streak","organization":"","house":"baratheon"},
{"id":"16","dead":"","name":"Tommen Baratheon","alias":"","portrait":"assets\/tommen.png","picture":"assets\/pictures\/tommen_baratheon.jpg","bio":"The youngest child of King Robert I and Queen Cersei Lannister.","organization":"","house":"baratheon"},
{"id":"17","dead":"","name":"Myrcella Baratheon","alias":"","portrait":"assets\/myrcella.png","picture":"assets\/pictures\/myrcella_baratheon.jpg","bio":"Princess Myrcella Baratheon is the second oldest of the royal Baratheon children. ","organization":"","house":"lannister"},
{"id":"18","dead":"","name":"Petyr Baelish","alias":"littlefinger","portrait":"assets\/petyr.png","picture":"assets\/pictures\/petyr_baelish.jpg","bio":"Lord Petyr Baelish, sometimes called Littlefinger, was Master of Coin (or treasurer) on the King's Small Council. He was born to a small and insignificant house, spending most of his adult life trying to rise above his lowly birthright and become something greater, craving for power and status. He possesses considerable skill in commerce and coin, and is a master of court intrigue, his brilliance matched only by his ambition and his gift for political improvisation.","organization":"","house":""},
{"id":"19","dead":"","name":"Varys","alias":"","portrait":"assets\/varys.png","picture":"assets\/pictures\/varys.jpg","bio":"Called 'the Spider', is the enigmatic member of the small council and Master of Whisperers, or spymaster, for the Iron Throne of the Seven Kingdoms. An eunuch since his infancy, his history of providing information to all sides, of aiding enemies, of pitting rivals against one another, and of manipulation to achieve his ends has earned him a reputation of being distasteful and untrustworthy amongst the nobles at court","organization":"","house":""},
{"id":"20","dead":"","name":"Daenerys Targaryen","alias":"","portrait":"assets\/daenerys.png","picture":"assets\/pictures\/daenerys_targaryen.jpg","bio":"She is the last confirmed member of the ancient Targaryen Dynasty, former rulers of The Seven Kingdoms. She is the daughter of Raeghar Targaryen, who was the royal heir when Robert Baratheon rebelled and killed the king (Daenerys' granfather) and his heir. She has lived all of her life exiled on the free cities","organization":"","house":"targaryen"},
{"id":"21","dead":"","name":"Jorah Mormont","alias":"","portrait":"assets\/jorah.png","picture":"assets\/pictures\/jorah_mormont","bio":"An exiled knight, former head of House Mormont and lord of Bear Island. He fled Westeros to escape execution for trading in slaves and took up work as a mercenary in the Free Cities, eventually entering the service of the last Targaryens.","organization":"","house":"mormont"},
{"id":"22","dead":"","name":"Viserys Targaryen","alias":"","portrait":"assets\/viserys.png","picture":"assets\/pictures\/viserys_targaryen.jpg","bio":"Viserys Targaryen, called The Beggar King, is the heir of his father Aerys II and brother Rhaegar after their deaths during Robert's Rebellion. The war, however, turned him into an exile who plots to regain control of the Iron Throne. ","organization":"","house":"targaryen"},
{"id":"23","dead":"","name":"Benjen Stark","alias":"","portrait":"assets\/benjen.png","picture":"assets\/pictures\/benjen_stark.jpg","bio":"Benjen Stark is the younger brother of Lord Eddard Stark and a sworn brother of the Night's Watch. He is the First Ranger, or leader of the rangers, of the Night's Watch.","organization":"nightwatch","house":"stark"},
{"id":"24","dead":"","name":"Aemon Targaryen","alias":"","portrait":"assets\/aemon.png","picture":"assets\/pictures\/aemon_targaryen.jpg","bio":"Maester Aemon, born Aemon Targaryen, is the third son of King Maekar I Targaryen. He has served as a maester to the Night's Watch at Castle Black for so long that the rest of the Seven Kingdoms has forgotten about his Targaryen blood.","organization":"nightwatch","house":"targaryen"},
{"id":"25","dead":"","name":"Stannis Baratheon","alias":"","portrait":"assets\/stannis.png","picture":"assets\/pictures\/stannis_baratheon.jpg","bio":"Stannis Baratheon is the elder of Robert Baratheon's younger brothers. He served on his brother's small council as Master of Ships and was also Lord of Dragonstone.","organization":"","house":"baratheon"},
{"id":"26","dead":"","name":"Renly Baratheon","alias":"","portrait":"assets\/renly.png","picture":"assets\/pictures\/renly_baratheon.jpg","bio":"Renly Baratheon is the younger brother of Robert and Stannis Baratheon, all sons of Steffon Baratheon and Cassana Estermont. He rules as Lord of Storm's End, and served as Master of Laws on Robert's small council.","organization":"","house":"baratheon"},
{"id":"27","dead":"","name":"Bronn","alias":"","portrait":"assets\/bronn.png","picture":"assets\/pictures\/bronn.jpg","bio":"Bronn is a low-born sellsword of great skill and cunning.","organization":"","house":""},
{"id":"28","dead":"true","name":"Khal Drogo","alias":"","portrait":"assets\/drogo.png","picture":"assets\/pictures\/khal_drogo.jpg","bio":"He is a powerful warlord of the fearsome Dothraki nomads. He has a long braid hung with tiny bells that hangs down to his thighs, symbolizing his status among the Dothraki as an undefeated warlord. He commands an horde of 40.000 dothraki raiders","organization":"","house":""},
{"id":"29","dead":"","name":"Hodor","alias":"","portrait":"assets\/hodor.png","picture":"assets\/pictures\/hodor.jpg","bio":"Hodor, hodor hodor hodor hodor. Hodor hodor hodor, hodor hodor hodor. Hodor, hodor hodor hodor hodor hodor. Hodor hodor, hodor hodor hodor hodor, hodor hodor hodor. ","organization":"","house":""},
{"id":"30","dead":"","name":"Maester Luwin","alias":"","portrait":"assets\/luwin.png","picture":"assets\/pictures\/luwin.jpg","bio":"A maester in the service of House Stark at Winterfell. He has delivered and educated all and each of the Stark children.","organization":"","house":""},
{"id":"31","dead":"","name":"Lysa Tully","alias":"","portrait":"assets\/lysa.png","picture":"assets\/pictures\/lysa_tully.jpg","bio":"She is the daughter of Hoster Tully and Minisa Whent, sister of Catelyn Stark, and wife of Jon Arryn, the former hand of the king Robert. Since her husband's death she is the Lady Regent of the Vale of Arryn","organization":"","house":"tully"},
{"id":"32","dead":"","name":"Illyrio Monpatis","alias":"","portrait":"assets\/illyrio.png","picture":"assets\/pictures\/illyrio.jpg","bio":"Illyrio Mopatis is a wealthy and powerful Magister in the Free City of Pentos. He is a dealer in spices, gemstones, dragonbone, and other things. For a time he served as custodian of the exiled Targaryens and now seeks to return them to the Iron Throne","organization":"","house":""},
{"id":"33","dead":"","name":"Maester Pycelle","alias":"","portrait":"assets\/pycelle.png","picture":"assets\/pictures\/pycelle.jpg","bio":"A Grand Maester of the Citadel. He served in King's Landing, as conselor of six different kings, both Targaryen and Baratheons, for over forty years.","organization":"","house":""},
{"id":"34","dead":"","name":"Samwell Tarly","alias":"","portrait":"assets\/samwell.png","picture":"assets\/pictures\/samwell_tarly.jpg","bio":"Samwell Tarly is the eldest son of Lord Randyll Tarly and his wife Melessa Florent. He is popularly called 'Sam', and disparagingly as 'Ser Piggy.'","organization":"nightwatch","house":"tarly"},
{"id":"35","dead":"","name":"Sandor Clegane","alias":"The Hound","portrait":"assets\/sandor.png","picture":"assets\/pictures\/sandor_clegane.jpg","bio":"Sandor Clegane is a member of House Clegane. He is the younger brother of the current head, Ser Gregor Clegane. He is nicknamed 'The Hound' for his savage nature and unquestioning obedience to his masters and for the three dogs featured in his family's crest. He is considered one of the most dangerous fighters in Westeros, though he frequently drinks himself into stupors. As a child, Sandor received gruesome facial burns when Gregor shoved his face into a brazier.","organization":"","house":"clegane"},
{"id":"36","dead":"","name":"Shae","alias":"","portrait":"assets\/shae.png","picture":"assets\/pictures\/shae.jpg","bio":"","organization":"","house":""},
{"id":"37","dead":"","name":"Alliser Thorne","alias":"","portrait":"assets\/thorne.png","picture":"assets\/pictures\/allister_thorne.jpg","bio":"Ser Alliser Thorne is a master-at-arms of the Night's Watch at Castle Black. Alliser is a bitter, mean-spirited man. Alliser also overestimates his own worth, and he is generally hated by nightwatch's recruits.","organization":"nightwatch","house":""},
{"id":"38","dead":"","name":"Syrio Forel","alias":"","portrait":"assets\/syrio.png","picture":"assets\/pictures\/syrio_forel.jpg","bio":"He is from the free city of Braavos, a master fencer and former First Sword of Braavos. Ned Starks hires him to teach Arya to use the sword.","organization":"","house":""},
{"id":"39","dead":"","name":"Gendry","alias":"","portrait":"assets\/gendry.png","picture":"assets\/pictures\/gendry.jpg","bio":"He is a bastard of Robert Baratheon, who doesn't know who his father really is. He was raised by a blacksmith, who teached him his proffesion.","organization":"","house":""},
{"id":"40","dead":"","name":"Loras Tyrell","alias":"","portrait":"assets\/loras.png","picture":"assets\/pictures\/loras_tyrel.jpg","bio":"Mace Tyrell, lord of Highgarden, third son. He is a highly skilled knight and jouster. His tournament successes, dazzling good looks, and ostentatious showmanship have made him a celebrated figure in the courts of the Seven Kingdoms.","organization":"","house":""},
{"id":"41","dead":"","name":"Barristan Selmy","alias":"","portrait":"assets\/barristan.png","picture":"assets\/pictures\/barristan_selmy.jpg","bio":"Ser Barristan Selmy is a celebrated hero and commander of the Kingsguard, serving throughout a time when the Kingsguard. He is one of the skilled and respected knights in the seven kingdoms","organization":"","house":""},
{"id":"42","dead":"","name":"Osha","alias":"","portrait":"assets\/osha.png","picture":"assets\/pictures\/osha.jpg","bio":"Osha is one of the Free Folk, who becomes a captive of Winterfell and later a servant of House Stark.","organization":"","house":""},
{"id":"43","dead":"","name":"Jeor Mormont","alias":"","portrait":"assets\/jeor.png","picture":"assets\/pictures\/jeor_mormont.jpg","bio":"Lord Commander Jeor Mormont, also known as the Old Bear, is the 997th Lord Commander of the Night's Watch, which he commands from his headquarters, the fortress of Castle Black. Jeor, previously head of House Mormont and Lord of Bear Island, abdicated his seat in favor of his son, Ser Jorah Mormont, and joined the Night's Watch","organization":"nightwatch","house":"mormont"},
{"id":"44","dead":"","name":"Balon Greyjoy","alias":"","portrait":"assets\/balon.png","picture":"assets\/pictures\/balon_greyjoy.jpg","bio":"Balon Greyjoy is the head of House Greyjoy of Pyke; as such he is lord paramount of the Iron Islands. Years before the time of the series, he rebelled against king Robert, but his rebellion was crushed by king's armys, leading to the death of his two older children","organization":"","house":"greyjoy"},
{"id":"45","dead":"","name":"Davos Seaworth","alias":"","portrait":"assets\/davos.png","picture":"assets\/pictures\/davos_seaworth.jpg","bio":"Davos Seaworth, commonly called the Onion Knight, was once a smuggler, but after Robert's Rebellion became a landed knight and Stannis Baratheon's most honest and loyal supporter. He captains the Black Betha, his old smuggling ship. He has seven sons, many of them serving on ships in Stannis's fleet.","organization":"","house":""},
{"id":"46","dead":"","name":"Melisandre","alias":"","portrait":"assets\/melissandre.png","picture":"assets\/pictures\/melissandre.jpg","bio":"Melisandre is a priestess of the god R'hllor,  hailing from the eastern city of Asshai. She has joined the entourage of Stannis Baratheon, believing him to be Azor Ahai reborn, a hero destined to defeat the Great Other. She has become an influential advisor to him and his family. ","organization":"","house":""},
{"id":"47","dead":"","name":"Margaery Tyrell","alias":"","portrait":"assets\/margaery.png","picture":"assets\/pictures\/margaery_tyrell.jpg","bio":"Margaery Tyrell is the only daughter of Lord Mace Tyrell and his wife, Lady Alerie. ","organization":"","house":""},
{"id":"48","dead":"","name":"Yara Greyjoy","alias":"","portrait":"assets\/yara.png","picture":"assets\/pictures\/yara_greyjoy.jpg","bio":"She is the daughter of Balon Greyjoy and his wife, Alannys. She is fierce and proud, and defies traditional ironborn gender roles by commanding her own ship, the Black Wind, and leading men into battle.","organization":"","house":""},
{"id":"49","dead":"","name":"Brienne","alias":"","portrait":"assets\/brienne.png","picture":"assets\/pictures\/brienne_tarth.jpg","bio":"Brienne, the Maid of Tarth, sometimes mockingly called Brienne the Beauty, is the only child and heir of Lord Selwyn Tarth of Evenfall. Brienne has spent most of her life as the object of scorn, rejection and \u2013 at best \u2013 pity. When she tried to dress and act like a proper lady, she was met with mockery and disdain for her unattractive appearance and lack of feminine social graces; when she turned to a career more suited to her talents as a warrior, she received only contempt and resentment for her gender despite her considerable skill.","organization":"","house":""},
{"id":"50","dead":"","name":"Ygritte","alias":"","portrait":"assets\/ygritte.png","picture":"assets\/pictures\/ygritte.jpg","bio":"Ygritte is nineteen years old wildling warrior. Her most distinctive feature is her fiery red hair. The wildlings consider red hair to be lucky and describe those with it as having been 'kissed by fire'.","organization":"","house":""},
{"id":"51","dead":"","name":"Roose Bolton","alias":"","portrait":"assets\/roose_bolton.png","picture":"assets\/pictures\/roose_bolton.jpg","bio":"Roose Bolton is the head of House Bolton and Lord of the Dreadfort. Though mild-mannered, he is cold, calculating, and capable of great cruelty. He speaks softly, never raising his voice, forcing those who listen to do so intently.[2] He receives regular leechings, which he believes to improve his health.","organization":"","house":""}
]
}
]
